{
  "function": {
    "amplifydemoappce3ad26b": {
      "build": true,
      "providerPlugin": "awscloudformation",
      "service": "Lambda"
    }
  },
  "api": {
    "api8c92fafa": {
      "service": "API Gateway",
      "providerPlugin": "awscloudformation",
      "dependsOn": [
        {
          "category": "function",
          "resourceName": "amplifydemoappce3ad26b",
          "attributes": [
            "Name",
            "Arn"
          ]
        }
      ]
    }
  },
  "hosting": {
    "amplifyhosting": {
      "service": "amplifyhosting",
      "type": "cicd",
      "lastPushTimeStamp": "2022-08-18T11:13:32.495Z"
    }
  }
}